,times,opens,highs,lows,closes,volumes
0,1651249800000.0,22.4113,22.4121,21.9549,22.2053,755483.77
1,1651250700000.0,22.2125,22.4253,21.93,22.2022,534404.07
2,1651251600000.0,22.2084,22.5362,22.1649,22.5168,380247.26
3,1651252500000.0,22.5236,22.8379,22.403,22.4606,394328.05
4,1651253400000.0,22.4555,22.7437,22.4396,22.5442,264928.24
5,1651254300000.0,22.5441,22.7051,22.2394,22.6172,453220.2
6,1651255200000.0,22.6192,22.8,22.3877,22.6215,531756.48
7,1651256100000.0,22.6216,22.6938,22.2639,22.4352,368332.2
8,1651257000000.0,22.4374,22.5393,21.736,21.9219,566342.29
9,1651257900000.0,21.9246,21.9374,21.2075,21.5426,1047462.5
10,1651258800000.0,21.531,21.531,20.17,20.481,1592774.01
11,1651259700000.0,20.4894,20.9111,20.1426,20.2907,1464004.61
12,1651260600000.0,20.2918,20.3826,19.3204,19.5809,2182542.75
13,1651261500000.0,19.5847,19.9945,19.3265,19.8283,1027352.63
14,1651262400000.0,19.8278,20.4,19.71,19.8777,1166995.46
15,1651263300000.0,19.8705,20.121,19.57,19.962,625832.56
16,1651264200000.0,19.9669,20.1758,19.6803,19.7987,567657.94
17,1651265100000.0,19.8015,20.1244,19.7583,20.0754,369450.64
18,1651266000000.0,20.0684,20.3034,19.9712,20.136,412139.48
19,1651266900000.0,20.1351,20.1362,19.715,19.9252,425356.0
20,1651267800000.0,19.9161,20.0,19.3474,19.4656,508766.06
21,1651268700000.0,19.4731,19.4999,18.6269,19.1882,1186366.02
22,1651269600000.0,19.1947,19.276,18.6414,18.7103,867901.09
23,1651270500000.0,18.7102,19.1905,18.3114,19.116,1162590.46
24,1651271400000.0,19.116,19.1375,18.7665,18.9843,368939.37
25,1651272300000.0,18.9839,19.1,18.8289,18.9374,390538.61
26,1651273200000.0,18.9369,19.48,18.8401,19.4452,532975.79
27,1651274100000.0,19.4616,19.4616,19.0173,19.1061,504936.32
28,1651275000000.0,19.1037,19.3178,19.0512,19.22,353677.93
29,1651275900000.0,19.22,19.2875,18.8818,19.1292,387046.64
30,1651276800000.0,19.1359,19.5,19.1335,19.4402,442591.84
31,1651277700000.0,19.4456,19.8774,19.3444,19.8035,919255.2
32,1651278600000.0,19.8007,20.0527,19.7271,19.8787,958282.43
33,1651279500000.0,19.8781,20.0975,19.7671,20.0859,487654.02
34,1651280400000.0,20.0806,20.284,19.8901,19.8939,603182.51
35,1651281300000.0,19.8953,20.2665,19.8783,20.2665,390547.32
36,1651282200000.0,20.2664,20.599,20.2288,20.278,673957.62
37,1651283100000.0,20.278,20.898,20.2775,20.5516,682062.19
38,1651284000000.0,20.5537,21.551,20.4871,21.4518,1018423.45
39,1651284900000.0,21.4676,22.1332,21.4378,22.0208,1239237.16
40,1651285800000.0,22.0208,23.0631,21.1086,22.6823,1812213.78
41,1651286700000.0,22.6918,23.42,22.545,22.9532,1369552.22
42,1651287600000.0,22.9523,23.1,21.751,22.5921,1535709.72
43,1651288500000.0,22.591,22.591,21.92,22.0214,728910.38
44,1651289400000.0,22.0112,22.6967,21.6,22.351,985894.56
45,1651290300000.0,22.3506,22.8891,22.1754,22.7002,751528.68
46,1651291200000.0,22.7001,22.7706,22.2651,22.5309,593060.36
47,1651292100000.0,22.5336,22.8,21.9001,22.2165,602346.15
48,1651293000000.0,22.2182,22.6191,22.0601,22.4832,527578.66
49,1651293900000.0,22.4924,23.1705,22.4521,22.959,971112.64
50,1651294800000.0,22.959,23.52,22.7401,23.4768,1228245.9
51,1651295700000.0,23.4768,23.5676,22.963,23.1504,669120.07
52,1651296600000.0,23.1631,23.4114,22.9,23.3968,580085.66
53,1651297500000.0,23.3967,23.4931,23.1133,23.154,517546.19
54,1651298400000.0,23.1632,23.4633,23.12,23.3475,415806.96
55,1651299300000.0,23.3475,24.9,23.2925,24.2043,1707277.01
56,1651300200000.0,24.2043,24.85,23.92,24.3873,1139088.43
57,1651301100000.0,24.3963,25.0,24.26,24.8638,1198492.42
58,1651302000000.0,24.8776,25.6066,23.88,24.5442,2466741.25
59,1651302900000.0,24.5442,24.7,23.75,24.6437,1132980.26
60,1651303800000.0,24.6335,25.2,24.2223,24.5011,1067477.64
61,1651304700000.0,24.5012,24.5308,23.8572,24.211,819815.61
62,1651305600000.0,24.2127,24.2837,23.5568,23.8895,852131.92
63,1651306500000.0,23.8894,23.9884,22.7841,23.1792,1685179.04
64,1651307400000.0,23.1821,24.24,22.7762,24.0191,1267163.2
65,1651308300000.0,24.019,24.125,23.4116,23.5586,657204.45
66,1651309200000.0,23.5601,23.7334,23.3,23.6781,387147.57
67,1651310100000.0,23.6751,24.0,23.52,23.5966,427872.53
68,1651311000000.0,23.5843,23.6485,23.1427,23.2881,450734.62
69,1651311900000.0,23.2857,23.6,23.17,23.2318,337631.3
70,1651312800000.0,23.2333,23.7344,23.1801,23.6942,325057.38
71,1651313700000.0,23.6895,23.9352,23.1607,23.4358,599237.24
72,1651314600000.0,23.4352,23.5668,22.868,22.947,522661.5
73,1651315500000.0,22.9343,23.0167,22.4326,22.4758,710676.8
74,1651316400000.0,22.477,22.9579,22.4083,22.8194,556681.25
75,1651317300000.0,22.8101,23.1987,22.7845,23.0847,471293.1
76,1651318200000.0,23.0899,23.5987,22.92,23.5197,574417.24
77,1651319100000.0,23.5199,23.55,22.92,22.95,403427.18
78,1651320000000.0,22.95,23.3,22.91,23.1079,254657.39
79,1651320900000.0,23.1078,23.4,22.9002,23.2843,348148.7
80,1651321800000.0,23.2843,23.5,23.0798,23.4168,315911.31
81,1651322700000.0,23.4168,23.8434,23.2543,23.8299,572933.43
82,1651323600000.0,23.8296,23.8433,23.297,23.5208,425407.65
83,1651324500000.0,23.5195,24.35,23.4317,24.313,744209.87
84,1651325400000.0,24.313,24.65,23.6254,23.8263,1107493.97
85,1651326300000.0,23.8277,24.2284,22.938,23.0125,1231630.53
86,1651327200000.0,23.0122,23.3771,22.5,23.2518,1203468.99
87,1651328100000.0,23.2518,23.45,22.6505,22.9484,581170.82
88,1651329000000.0,22.9454,23.0073,22.2368,22.6695,714499.97
89,1651329900000.0,22.6703,22.8426,21.68,21.7625,1395452.18
90,1651330800000.0,21.7638,22.408,21.6401,22.0043,1079476.61
91,1651331700000.0,22.0109,22.2708,21.8019,22.2557,537301.62
92,1651332600000.0,22.2562,22.2966,21.8213,21.9,471171.27
93,1651333500000.0,21.9023,22.1375,21.61,21.8569,469798.99
94,1651334400000.0,21.8356,21.845,21.1657,21.2003,1154799.88
95,1651335300000.0,21.2002,21.3201,20.8384,21.0302,1005284.04
96,1651336200000.0,21.0317,21.4794,21.0062,21.3465,512611.84
97,1651337100000.0,21.3403,21.5465,21.0893,21.1687,477286.88
98,1651338000000.0,21.1688,21.4178,20.9707,20.9818,398076.73
99,1651338900000.0,20.9818,21.3993,20.8,21.3145,440834.8
100,1651339800000.0,21.3145,21.92,21.2907,21.9057,842335.88
101,1651340700000.0,21.9058,22.2133,21.5269,21.5836,738381.96
102,1651341600000.0,21.5837,22.1414,21.5561,21.6663,561932.54
103,1651342500000.0,21.6681,21.8258,21.5008,21.8139,270349.95
104,1651343400000.0,21.8138,21.83,21.1351,21.2895,478382.67
105,1651344300000.0,21.2873,21.6491,21.0955,21.6491,337188.21
106,1651345200000.0,21.6491,22.0692,21.5186,22.0677,428461.39
107,1651346100000.0,22.0562,22.1004,21.6231,21.8082,397129.45
108,1651347000000.0,21.8107,22.16,21.6001,21.9933,343660.72
109,1651347900000.0,21.9999,22.368,21.8731,22.2125,591477.17
110,1651348800000.0,22.2063,22.5258,21.83,21.8827,656517.65
111,1651349700000.0,21.8825,21.9906,21.681,21.8442,350437.69
112,1651350600000.0,21.8453,22.0191,21.5159,21.5398,323283.07
113,1651351500000.0,21.5408,21.7612,21.4564,21.5411,302765.72
114,1651352400000.0,21.5368,21.5495,20.1736,20.4473,1097497.03
115,1651353300000.0,20.4484,20.7102,20.0,20.2341,712801.32
116,1651354200000.0,20.2333,20.4548,20.0,20.176,554253.2
117,1651355100000.0,20.176,20.43,20.05,20.3501,333417.3
118,1651356000000.0,20.3438,20.8491,20.267,20.7613,473172.58
119,1651356900000.0,20.7608,21.2206,20.7229,21.2198,585953.83
120,1651357800000.0,21.2197,21.56,20.4317,20.7636,816471.09
121,1651358700000.0,20.7454,20.88,20.0,20.0946,682671.72
122,1651359600000.0,20.1038,20.5795,19.3401,19.9947,1420687.33
123,1651360500000.0,19.9983,20.9359,19.7712,20.36,1052913.78
124,1651361400000.0,20.36,20.5898,19.9611,20.0602,657259.65
125,1651362300000.0,20.0592,20.2809,19.8,19.9793,812399.57
126,1651363200000.0,19.99,20.4406,19.7507,19.8284,1153505.1
127,1651364100000.0,19.8267,19.98,19.0137,19.0379,1519074.45
128,1651365000000.0,19.0516,19.8611,18.711,19.4843,1365638.24
129,1651365900000.0,19.4835,19.5718,18.9219,18.944,940442.57
130,1651366800000.0,18.9221,19.749,18.75,19.4558,715705.4
131,1651367700000.0,19.4559,19.6,19.22,19.4176,544068.26
132,1651368600000.0,19.4176,19.4945,18.5,18.9305,1053853.91
133,1651369500000.0,18.9304,19.2316,18.6842,18.92,874063.31
134,1651370400000.0,18.9112,19.3132,18.8082,18.9095,541962.02
135,1651371300000.0,18.9052,18.9824,18.6732,18.9776,504259.72
136,1651372200000.0,18.9776,19.25,18.789,18.8643,451418.42
137,1651373100000.0,18.8613,19.0659,18.6841,18.6841,413258.75
138,1651374000000.0,18.684,18.9,18.244,18.7652,711911.68
139,1651374900000.0,18.7566,19.0,18.5902,18.9104,456848.39
140,1651375800000.0,18.9104,19.1771,18.7806,18.8234,429379.65
141,1651376700000.0,18.8239,18.8658,18.2321,18.2853,1031986.32
142,1651377600000.0,18.2847,19.0,17.5833,17.6146,2311628.73
143,1651378500000.0,17.6109,17.8685,16.911,17.1273,2604019.83
144,1651379400000.0,17.1236,17.4239,16.9004,17.0671,1634307.23
145,1651380300000.0,17.0671,17.1958,16.6005,16.895,1555481.08
146,1651381200000.0,16.8955,17.4,16.8336,17.3607,1530287.79
147,1651382100000.0,17.3521,17.5718,17.2558,17.3774,1108076.09
148,1651383000000.0,17.3809,17.7,17.3049,17.5133,745540.55
149,1651383900000.0,17.5133,17.5998,17.2432,17.3999,488055.81
150,1651384800000.0,17.3999,17.6998,17.2719,17.5454,762034.03
151,1651385700000.0,17.5455,17.6,17.388,17.4572,430602.58
152,1651386600000.0,17.4572,17.462,17.1699,17.1928,528654.64
153,1651387500000.0,17.1928,17.5,17.1926,17.3868,530634.73
154,1651388400000.0,17.3849,17.467,16.923,17.0621,834280.14
155,1651389300000.0,17.061,17.3441,17.0009,17.2554,458378.18
156,1651390200000.0,17.2646,17.4883,17.2284,17.3554,575326.16
157,1651391100000.0,17.3537,17.4904,17.2533,17.4779,390298.67
158,1651392000000.0,17.4785,18.1262,17.3489,17.8994,1458008.59
159,1651392900000.0,17.8955,18.0109,17.45,17.5895,652795.59
160,1651393800000.0,17.5858,17.7579,17.5015,17.5646,434876.02
161,1651394700000.0,17.5644,17.82,17.5502,17.7562,354678.9
162,1651395600000.0,17.7558,17.8774,17.3212,17.4037,455923.06
163,1651396500000.0,17.4,17.554,17.2067,17.5198,443299.76
164,1651397400000.0,17.5199,17.5718,17.3343,17.5211,289701.2
165,1651398300000.0,17.521,17.7,17.483,17.6452,301546.58
166,1651399200000.0,17.6453,17.744,17.525,17.7211,280502.1
167,1651400100000.0,17.7211,17.94,17.5792,17.806,356537.9
168,1651401000000.0,17.8058,17.8307,17.35,17.445,371641.0
169,1651401900000.0,17.438,17.5698,17.25,17.4263,296136.04
170,1651402800000.0,17.4263,17.5046,16.8689,16.9846,572134.5
171,1651403700000.0,16.9844,17.135,16.748,17.0147,613362.41
172,1651404600000.0,17.0145,17.2,16.93,17.1401,370707.6
173,1651405500000.0,17.1401,17.2134,16.9829,17.104,473616.71
174,1651406400000.0,17.103,17.2636,16.8002,17.0124,691659.48
175,1651407300000.0,17.012,17.2763,16.9619,17.23,458844.24
176,1651408200000.0,17.2299,17.2763,17.0774,17.1863,267368.1
177,1651409100000.0,17.1862,17.2244,17.08,17.1866,227372.07
178,1651410000000.0,17.1865,17.2377,17.0004,17.1763,276528.32
179,1651410900000.0,17.1763,17.285,17.0758,17.2366,306030.52
180,1651411800000.0,17.2366,17.3586,17.169,17.1939,355246.27
181,1651412700000.0,17.1938,17.2199,17.0137,17.0837,236338.92
182,1651413600000.0,17.0849,17.1489,16.905,17.0943,324102.83
183,1651414500000.0,17.0943,17.185,16.8399,16.9214,362164.11
184,1651415400000.0,16.9214,16.9695,16.13,16.4164,1289658.59
185,1651416300000.0,16.4157,16.48,16.05,16.1895,962829.36
186,1651417200000.0,16.1925,16.3821,16.1461,16.2964,571881.31
187,1651418100000.0,16.2958,16.5858,16.2502,16.5604,552967.47
188,1651419000000.0,16.5592,16.6554,16.3,16.3218,567381.08
189,1651419900000.0,16.3243,16.569,16.3198,16.4683,476758.63
190,1651420800000.0,16.4683,17.2061,16.3751,17.1724,1292649.69
191,1651421700000.0,17.1631,17.4646,17.0356,17.3314,992254.17
192,1651422600000.0,17.334,17.5,17.1234,17.3862,669343.61
193,1651423500000.0,17.3814,17.5193,17.2554,17.3024,549076.99
194,1651424400000.0,17.3032,17.642,17.2722,17.4934,595506.23
195,1651425300000.0,17.4925,17.5446,17.2262,17.3518,386316.89
196,1651426200000.0,17.357,17.3841,17.0286,17.1839,467198.84
197,1651427100000.0,17.1848,17.2811,17.0843,17.159,347314.34
198,1651428000000.0,17.1573,17.3378,17.0001,17.1825,346371.48
199,1651428900000.0,17.1852,17.2711,16.7501,16.8943,581229.34
200,1651429800000.0,16.8897,17.0459,16.82,17.0449,306326.52
201,1651430700000.0,17.0452,17.0543,16.5003,16.5534,680521.24
202,1651431600000.0,16.5598,16.7468,16.5,16.7364,367736.32
203,1651432500000.0,16.742,16.7423,16.5146,16.5176,292628.39
204,1651433400000.0,16.5198,16.846,16.3805,16.7666,423807.88
205,1651434300000.0,16.7702,16.8423,16.6231,16.7207,230395.42
206,1651435200000.0,16.7207,16.7777,16.5621,16.652,247214.83
207,1651436100000.0,16.6512,16.7324,16.4295,16.5231,344052.4
208,1651437000000.0,16.5215,16.6547,16.2418,16.2968,469634.47
209,1651437900000.0,16.2995,16.8572,16.2206,16.8383,705109.77
210,1651438800000.0,16.8398,16.92,16.5,16.6126,436882.08
211,1651439700000.0,16.613,16.6483,16.4,16.45,257394.11
212,1651440600000.0,16.4501,16.5239,16.25,16.2955,366276.73
213,1651441500000.0,16.3019,16.412,16.1288,16.2528,474953.61
214,1651442400000.0,16.2518,16.4646,16.172,16.4232,487236.51
215,1651443300000.0,16.4235,16.4438,16.2481,16.3047,302490.09
216,1651444200000.0,16.3048,16.3101,16.0504,16.1562,215599.59
217,1651445100000.0,16.1563,16.1677,15.6253,15.8447,947036.47
218,1651446000000.0,15.8449,15.8865,15.5314,15.7819,1130158.44
219,1651446900000.0,15.7913,16.1705,15.7747,16.1137,732371.0
220,1651447800000.0,16.1112,16.1494,15.7748,15.8848,555821.69
221,1651448700000.0,15.8852,16.0487,15.8333,15.871,438541.96
222,1651449600000.0,15.8703,16.2249,15.8602,16.1069,808550.3
223,1651450500000.0,16.1081,16.34,16.0551,16.2459,823762.71
224,1651451400000.0,16.2455,16.5797,16.1919,16.4289,783788.56
225,1651452300000.0,16.4289,16.5988,16.2378,16.5375,522945.45
226,1651453200000.0,16.539,16.8204,16.3898,16.7464,729630.98
227,1651454100000.0,16.751,16.7563,16.4813,16.5137,484738.49
228,1651455000000.0,16.5122,16.5478,16.3,16.4166,489511.15
229,1651455900000.0,16.4166,16.4745,16.1151,16.273,483850.2
230,1651456800000.0,16.2711,16.4306,16.16,16.1795,533926.34
231,1651457700000.0,16.1768,16.3756,16.1743,16.3112,317147.3
232,1651458600000.0,16.3073,16.365,16.1447,16.1951,252248.73
233,1651459500000.0,16.1935,16.3936,16.1935,16.3936,195863.64
234,1651460400000.0,16.3938,16.4645,16.3322,16.3878,239732.31
235,1651461300000.0,16.3878,16.4604,16.2696,16.2841,235927.51
236,1651462200000.0,16.2841,16.4353,16.2513,16.4301,191034.66
237,1651463100000.0,16.4333,16.6561,16.3801,16.6007,533587.86
238,1651464000000.0,16.6071,16.6799,16.4694,16.5997,432300.75
239,1651464900000.0,16.5998,16.64,16.36,16.4514,284005.42
240,1651465800000.0,16.4523,16.8071,16.4523,16.772,447623.44
241,1651466700000.0,16.7721,17.3504,16.7397,17.0812,1572318.18
242,1651467600000.0,17.0844,17.1709,16.9569,17.09,550486.29
243,1651468500000.0,17.0913,17.2204,16.8293,16.9079,501755.76
244,1651469400000.0,16.9094,17.0998,16.8723,16.9886,328282.1
245,1651470300000.0,16.9883,17.0938,16.9296,16.9393,238099.03
246,1651471200000.0,16.9359,17.0998,16.8051,17.0667,375165.75
247,1651472100000.0,17.0695,17.1985,17.03,17.0664,462803.22
248,1651473000000.0,17.0667,17.1384,16.9528,17.0026,271687.34
249,1651473900000.0,17.0005,17.0389,16.3172,16.4508,987590.58
250,1651474800000.0,16.4537,16.588,16.3704,16.5392,421502.18
251,1651475700000.0,16.5398,16.5977,16.42,16.4458,306044.31
252,1651476600000.0,16.4452,16.4615,16.1746,16.274,596208.27
253,1651477500000.0,16.274,16.3331,16.1443,16.2506,341221.43
254,1651478400000.0,16.2528,16.3767,16.1773,16.2884,328891.9
255,1651479300000.0,16.2904,16.4861,16.0,16.1542,742323.52
256,1651480200000.0,16.1607,16.3037,16.0712,16.2928,331748.56
257,1651481100000.0,16.2933,16.3337,16.1925,16.2581,258332.42
258,1651482000000.0,16.2582,16.3373,16.0916,16.1636,335942.99
259,1651482900000.0,16.1636,16.2297,16.0606,16.2147,224070.37
260,1651483800000.0,16.2155,16.244,16.0919,16.1209,267554.15
261,1651484700000.0,16.1196,16.1523,15.6949,15.7045,880913.91
262,1651485600000.0,15.7086,15.8214,15.6504,15.7541,415426.45
263,1651486500000.0,15.752,15.7853,15.2416,15.5025,1121029.44
264,1651487400000.0,15.504,15.5466,15.348,15.4764,449655.16
265,1651488300000.0,15.4751,15.5195,15.2107,15.3856,526987.27
266,1651489200000.0,15.388,15.4843,15.2501,15.279,585511.99
267,1651490100000.0,15.2762,15.4494,15.11,15.3489,616353.49
268,1651491000000.0,15.3491,15.4,15.2,15.3139,324589.1
269,1651491900000.0,15.3137,15.495,15.2539,15.4189,351287.59
270,1651492800000.0,15.4184,15.635,15.3415,15.4346,605447.58
271,1651493700000.0,15.4322,15.5692,15.3948,15.4048,347285.29
272,1651494600000.0,15.4005,15.4328,14.9134,15.0798,866804.8
273,1651495500000.0,15.0798,15.1383,14.9502,15.0321,555977.45
274,1651496400000.0,15.0309,15.2516,14.9739,15.1936,548186.62
275,1651497300000.0,15.1913,15.2864,15.0804,15.2035,393556.8
276,1651498200000.0,15.2075,15.4342,14.7896,15.26,1174860.48
277,1651499100000.0,15.2645,15.4591,15.2021,15.3776,835929.88
278,1651500000000.0,15.3768,15.4706,15.1503,15.1878,507764.54
279,1651500900000.0,15.1943,15.4766,15.1533,15.4427,525920.15
280,1651501800000.0,15.4398,15.5713,15.3705,15.4341,543968.02
281,1651502700000.0,15.434,15.4535,15.2552,15.3774,292374.25
282,1651503600000.0,15.3789,15.3796,15.2255,15.3361,260705.32
283,1651504500000.0,15.3362,15.3735,15.155,15.2037,312298.52
284,1651505400000.0,15.2038,15.2414,15.0568,15.0982,369652.89
285,1651506300000.0,15.0993,15.153,14.8886,15.023,406347.83
286,1651507200000.0,15.02,15.186,14.9646,15.1477,385660.13
287,1651508100000.0,15.1465,15.2699,15.0711,15.1292,259763.11
288,1651509000000.0,15.1292,15.1871,15.0246,15.0658,232881.46
289,1651509900000.0,15.0668,15.0892,14.6341,14.726,862086.46
290,1651510800000.0,14.725,14.7765,14.5772,14.7077,506994.02
291,1651511700000.0,14.7078,14.7194,14.5001,14.5924,534647.34
292,1651512600000.0,14.5924,14.6183,14.3618,14.4037,683611.35
293,1651513500000.0,14.4005,14.5029,14.3016,14.4509,767202.13
294,1651514400000.0,14.4509,14.5264,14.2111,14.3307,544900.47
295,1651515300000.0,14.3321,14.3794,14.206,14.2737,390110.32
296,1651516200000.0,14.2745,14.378,14.21,14.2984,372941.75
297,1651517100000.0,14.2984,14.6,14.2767,14.4881,635382.22
298,1651518000000.0,14.4901,14.6705,14.3816,14.6185,470860.13
299,1651518900000.0,14.6161,14.759,14.4738,14.6715,394113.54
300,1651519800000.0,14.6656,14.7773,14.5714,14.5982,337976.38
301,1651520700000.0,14.5978,14.7613,14.525,14.7572,253711.64
302,1651521600000.0,14.7573,14.7999,14.5774,14.5966,233397.96
303,1651522500000.0,14.5958,14.7589,14.5881,14.7091,177269.23
304,1651523400000.0,14.707,14.7459,14.4631,14.4847,368525.89
305,1651524300000.0,14.4829,14.5918,14.4003,14.5412,297353.17
306,1651525200000.0,14.5395,14.5865,14.41,14.5498,170535.04
307,1651526100000.0,14.5498,15.0,14.5442,14.8661,421522.5
308,1651527000000.0,14.8663,15.15,14.8557,14.9588,408400.93
309,1651527900000.0,14.9588,14.9821,14.7024,14.9185,343245.15
310,1651528800000.0,14.9155,15.0286,14.8114,14.9811,377793.54
311,1651529700000.0,14.9858,15.0572,14.711,14.886,504054.02
312,1651530600000.0,14.8827,15.15,14.8368,15.0049,712454.05
313,1651531500000.0,15.0023,15.078,14.8712,15.0719,304893.72
314,1651532400000.0,15.0765,15.2254,14.9863,15.1232,541487.24
315,1651533300000.0,15.1251,15.265,15.085,15.215,415731.27
316,1651534200000.0,15.215,15.2796,15.0534,15.0721,308507.65
317,1651535100000.0,15.0722,15.1357,14.9701,15.0509,248994.72
318,1651536000000.0,15.0537,15.2454,14.92,15.2061,347647.72
319,1651536900000.0,15.2068,15.462,15.163,15.2857,534573.65
320,1651537800000.0,15.2865,15.4089,15.1946,15.2912,410837.26
321,1651538700000.0,15.2912,15.3136,15.105,15.1348,291119.34
322,1651539600000.0,15.1346,15.2694,15.0556,15.0823,263035.86
323,1651540500000.0,15.0817,15.2331,15.072,15.1536,169453.19
324,1651541400000.0,15.1535,15.3727,15.09,15.3062,317662.53
325,1651542300000.0,15.3063,15.4994,15.2422,15.4239,377818.85
326,1651543200000.0,15.424,15.5451,15.3356,15.3861,394806.48
327,1651544100000.0,15.3861,15.4243,15.21,15.3025,219515.46
328,1651545000000.0,15.3021,15.3647,15.0723,15.1525,235123.34
329,1651545900000.0,15.1534,15.2528,15.0635,15.1266,188830.76
330,1651546800000.0,15.127,15.1705,14.95,15.17,277552.24
331,1651547700000.0,15.1644,15.2442,15.1228,15.2,175691.49
332,1651548600000.0,15.2021,15.2163,14.9081,14.9364,288525.58
333,1651549500000.0,14.9409,14.954,14.6245,14.6688,580034.11
334,1651550400000.0,14.6699,14.79,14.6617,14.7615,419368.53
335,1651551300000.0,14.7606,14.8295,14.7183,14.803,164923.18
336,1651552200000.0,14.8011,14.9299,14.7868,14.9138,164455.74
337,1651553100000.0,14.9167,15.2848,14.85,15.2493,496308.84
338,1651554000000.0,15.2471,15.3596,15.1095,15.2642,528523.27
339,1651554900000.0,15.2643,15.2737,15.145,15.1558,205951.21
340,1651555800000.0,15.1573,15.46,15.1573,15.342,373012.37
341,1651556700000.0,15.3362,15.3631,15.2206,15.266,185817.36
342,1651557600000.0,15.26,15.3053,15.1698,15.1873,150120.84
343,1651558500000.0,15.19,15.2437,15.1167,15.236,142865.57
344,1651559400000.0,15.2377,15.3549,15.2,15.2821,153162.56
345,1651560300000.0,15.2806,15.3048,15.139,15.151,115753.6
346,1651561200000.0,15.1539,15.2026,14.8668,14.9234,528517.31
347,1651562100000.0,14.9192,14.9756,14.8,14.9359,246741.11
348,1651563000000.0,14.9371,15.0956,14.91,14.9917,195334.14
349,1651563900000.0,14.9917,15.4,14.9881,15.2394,984955.4
350,1651564800000.0,15.2395,15.7393,15.1938,15.6506,706119.12
351,1651565700000.0,15.6506,15.7946,15.5401,15.6234,798811.97
352,1651566600000.0,15.6272,15.67,15.506,15.5461,338804.76
353,1651567500000.0,15.5461,15.5944,15.4,15.4701,286747.92
354,1651568400000.0,15.4701,15.4944,15.3181,15.3878,319221.65
355,1651569300000.0,15.3928,15.5554,15.3261,15.5046,237680.7
356,1651570200000.0,15.5061,15.5762,15.3401,15.4225,219316.92
357,1651571100000.0,15.4208,15.4486,15.2598,15.3654,217792.14
358,1651572000000.0,15.3642,15.3911,15.2289,15.29,177265.69
359,1651572900000.0,15.2894,15.3787,15.2172,15.2799,149978.65
360,1651573800000.0,15.2798,15.3373,15.165,15.1994,229557.57
361,1651574700000.0,15.194,15.2243,15.1002,15.2069,203154.23
362,1651575600000.0,15.2045,15.4203,15.1666,15.3632,216368.94
363,1651576500000.0,15.3633,15.41,15.2394,15.3893,175896.24
364,1651577400000.0,15.3855,15.5089,15.3577,15.398,307819.74
365,1651578300000.0,15.3953,15.4742,15.3703,15.4599,185140.87
366,1651579200000.0,15.4598,15.5,15.365,15.3976,160607.89
367,1651580100000.0,15.3954,15.4067,15.229,15.3276,235627.72
368,1651581000000.0,15.3319,15.3659,15.2758,15.3539,124643.39
369,1651581900000.0,15.354,15.4056,15.1752,15.1779,230126.56
370,1651582800000.0,15.1791,15.2295,15.06,15.09,293797.64
371,1651583700000.0,15.0901,15.1291,14.8731,14.9348,535808.55
372,1651584600000.0,14.9344,15.0273,14.84,14.9542,312621.84
373,1651585500000.0,14.9526,14.9678,14.6525,14.8826,518708.26
374,1651586400000.0,14.888,15.03,14.77,14.8296,349055.71
375,1651587300000.0,14.8265,14.8343,14.7137,14.8014,310951.38
376,1651588200000.0,14.7983,14.8543,14.6429,14.6976,226917.48
377,1651589100000.0,14.6992,14.7636,14.5654,14.7272,326786.11
378,1651590000000.0,14.7291,14.848,14.7,14.8097,316062.21
379,1651590900000.0,14.8123,14.8366,14.7018,14.8145,181259.99
380,1651591800000.0,14.8166,14.83,14.5801,14.6852,243276.41
381,1651592700000.0,14.6848,14.7766,14.6603,14.7466,181396.75
382,1651593600000.0,14.7458,14.7708,14.4333,14.6292,475257.54
383,1651594500000.0,14.6291,14.66,14.5545,14.5795,204836.0
384,1651595400000.0,14.5794,14.6519,14.45,14.6045,256259.49
385,1651596300000.0,14.6074,14.643,14.4906,14.5381,160704.76
386,1651597200000.0,14.5382,14.5948,14.35,14.5586,272941.39
387,1651598100000.0,14.5601,14.6656,14.5601,14.6334,240798.95
388,1651599000000.0,14.6286,14.66,14.5545,14.6392,137759.41
389,1651599900000.0,14.6393,14.6518,14.5413,14.56,108909.45
390,1651600800000.0,14.5585,14.5789,14.385,14.507,402394.72
391,1651601700000.0,14.5069,14.6313,14.4528,14.5366,276415.11
392,1651602600000.0,14.5334,14.749,14.5267,14.6671,513898.87
393,1651603500000.0,14.6727,15.1,14.6362,15.1,785451.48
394,1651604400000.0,15.1,15.11,14.8201,14.9355,370080.65
395,1651605300000.0,14.9358,14.9489,14.6338,14.6856,320551.33
396,1651606200000.0,14.6856,14.7298,14.4982,14.5659,334406.67
397,1651607100000.0,14.566,14.7925,14.5462,14.7074,246845.48
398,1651608000000.0,14.7085,14.7923,14.4577,14.4773,311962.55
399,1651608900000.0,14.4765,14.4828,14.0196,14.1537,951274.4
400,1651609800000.0,14.1562,14.1749,13.925,14.0299,469047.02
401,1651610700000.0,14.03,14.2249,13.9856,14.1633,271130.18
402,1651611600000.0,14.1633,14.1925,13.8669,13.9537,449261.24
403,1651612500000.0,13.9541,14.1342,13.87,14.0642,280528.18
404,1651613400000.0,14.0643,14.1,13.8704,13.9801,283119.39
405,1651614300000.0,13.9801,14.0598,13.945,14.0347,131068.34
406,1651615200000.0,14.0347,14.1224,13.9647,14.1036,205345.36
407,1651616100000.0,14.1036,14.2472,14.0756,14.1895,340546.24
408,1651617000000.0,14.1895,14.2493,14.1433,14.1927,170409.51
409,1651617900000.0,14.1938,14.2249,14.0105,14.0875,279083.43
410,1651618800000.0,14.0853,14.1711,14.0149,14.1077,251074.94
411,1651619700000.0,14.1088,14.1388,14.0551,14.0648,148503.26
412,1651620600000.0,14.0659,14.1679,13.9721,14.1228,179935.14
413,1651621500000.0,14.1265,14.1779,14.12,14.1575,119992.86
414,1651622400000.0,14.155,14.273,14.0683,14.2462,243231.87
415,1651623300000.0,14.2411,14.3762,14.2065,14.2831,302513.79
416,1651624200000.0,14.282,14.37,14.2716,14.2953,245508.75
417,1651625100000.0,14.2963,14.4356,14.2628,14.3969,199926.31
418,1651626000000.0,14.3954,14.5,14.3527,14.3586,325460.62
419,1651626900000.0,14.3617,14.4368,14.283,14.355,230801.58
420,1651627800000.0,14.3524,14.3798,14.2149,14.294,150314.69
421,1651628700000.0,14.294,14.32,14.2344,14.2991,96639.0
422,1651629600000.0,14.3,14.459,14.2788,14.4059,163195.04
423,1651630500000.0,14.4059,14.4897,14.364,14.4143,162829.04
424,1651631400000.0,14.4149,14.4652,14.3055,14.3301,119159.0
425,1651632300000.0,14.3311,14.3692,14.269,14.3684,99812.74
426,1651633200000.0,14.3683,14.423,14.2901,14.399,115905.26
427,1651634100000.0,14.4011,14.52,14.3601,14.4337,210823.53
428,1651635000000.0,14.4397,14.6561,14.4197,14.5808,269277.55
429,1651635900000.0,14.5809,14.5987,14.4549,14.52,150714.97
430,1651636800000.0,14.52,14.5378,14.3199,14.3777,214274.25
431,1651637700000.0,14.3747,14.3933,14.1415,14.2305,372419.08
432,1651638600000.0,14.2313,14.2664,14.1602,14.1952,273113.81
433,1651639500000.0,14.1952,14.2388,14.1708,14.2097,155055.1
434,1651640400000.0,14.2098,14.2723,14.193,14.2547,121131.17
435,1651641300000.0,14.2544,14.2644,14.0,14.1098,418242.45
436,1651642200000.0,14.1107,14.1914,14.081,14.1,134918.71
437,1651643100000.0,14.0996,14.1591,14.0725,14.0847,120840.58
438,1651644000000.0,14.0802,14.4,14.073,14.3478,840608.77
439,1651644900000.0,14.3498,14.3695,14.25,14.2808,316830.49
440,1651645800000.0,14.2804,14.43,14.2542,14.4038,261633.67
441,1651646700000.0,14.4038,14.4473,14.3501,14.4194,163836.56
442,1651647600000.0,14.4181,14.4473,14.3122,14.3336,232040.26
443,1651648500000.0,14.3359,14.4139,14.3317,14.3758,123739.91
444,1651649400000.0,14.3769,14.4404,14.3574,14.3951,136292.57
445,1651650300000.0,14.3955,14.7774,14.3955,14.63,693380.4
446,1651651200000.0,14.6299,14.88,14.5601,14.8137,754495.74
447,1651652100000.0,14.8143,14.8877,14.7347,14.7746,274053.91
448,1651653000000.0,14.7732,14.8069,14.6471,14.6509,289225.85
449,1651653900000.0,14.652,14.7578,14.63,14.7205,157064.42
450,1651654800000.0,14.7223,14.75,14.5711,14.6141,210300.2
451,1651655700000.0,14.6139,14.6343,14.5659,14.5707,152163.18
452,1651656600000.0,14.573,14.694,14.5698,14.6208,133822.59
453,1651657500000.0,14.624,14.6276,14.4368,14.5263,214099.79
454,1651658400000.0,14.5272,15.32,14.5007,15.2849,720810.84
455,1651659300000.0,15.2856,17.2486,15.2766,16.8029,6927880.8
456,1651660200000.0,16.8084,17.4306,16.5467,17.2313,3714680.68
457,1651661100000.0,17.2319,17.6537,16.9586,17.4709,3651048.84
458,1651662000000.0,17.4692,17.5763,15.849,16.2646,5597738.01
459,1651662900000.0,16.2641,16.364,15.6392,15.7433,3080320.5
460,1651663800000.0,15.7425,15.8499,15.4513,15.7014,2259111.87
461,1651664700000.0,15.7011,15.94,15.56,15.7709,1242603.6
462,1651665600000.0,15.771,16.1084,15.6,15.9771,1374508.87
463,1651666500000.0,15.9771,15.992,15.7111,15.873,739149.53
464,1651667400000.0,15.879,15.9461,15.3487,15.4334,863362.94
465,1651668300000.0,15.4315,15.6443,15.33,15.4138,980526.8
466,1651669200000.0,15.4144,15.5476,15.2634,15.3467,595250.85
467,1651670100000.0,15.3471,15.4499,15.3111,15.4347,419942.62
468,1651671000000.0,15.4356,15.55,15.3422,15.4035,464094.82
469,1651671900000.0,15.4069,15.5496,15.0684,15.0834,855370.39
470,1651672800000.0,15.0907,15.1874,14.9,15.1671,840691.89
471,1651673700000.0,15.1681,15.3045,15.11,15.2646,341966.81
472,1651674600000.0,15.2647,15.277,15.1351,15.184,241901.29
473,1651675500000.0,15.1839,15.2159,14.9591,15.1245,600594.95
474,1651676400000.0,15.1211,15.1968,15.0401,15.1392,383640.64
475,1651677300000.0,15.128,15.238,15.1207,15.1489,330130.43
476,1651678200000.0,15.1489,15.3565,15.08,15.1974,503576.71
477,1651679100000.0,15.1947,15.4095,15.1947,15.2557,584417.62
478,1651680000000.0,15.2563,15.6989,15.1687,15.649,972436.83
479,1651680900000.0,15.6491,15.8365,15.5622,15.7749,1121720.33
480,1651681800000.0,15.7784,15.8142,15.5695,15.6118,558671.9
481,1651682700000.0,15.6116,15.6759,15.428,15.6174,421718.87
482,1651683600000.0,15.6194,15.6891,15.3464,15.3905,484401.6
483,1651684500000.0,15.399,15.6561,15.3675,15.6281,305065.2
484,1651685400000.0,15.6277,15.789,15.4703,15.733,401374.76
485,1651686300000.0,15.7315,16.076,15.561,16.0035,699531.31
486,1651687200000.0,16.0059,16.09,15.6195,15.8109,959234.59
487,1651688100000.0,15.8136,16.0277,15.5929,15.8829,603713.32
488,1651689000000.0,15.877,15.95,15.4795,15.8828,876657.29
489,1651689900000.0,15.8826,16.2817,15.8747,16.2048,1011882.92
490,1651690800000.0,16.2048,16.5,16.1046,16.2718,1054444.9
491,1651691700000.0,16.2739,16.41,16.0,16.2179,669327.81
492,1651692600000.0,16.2155,16.3658,16.1313,16.2756,436476.49
493,1651693500000.0,16.276,16.35,16.1926,16.2115,357599.27
494,1651694400000.0,16.2116,16.3499,16.05,16.0909,559881.81
495,1651695300000.0,16.0887,16.2278,15.9123,16.165,515548.73
496,1651696200000.0,16.1651,16.2982,16.1651,16.2662,364542.62
497,1651697100000.0,16.2657,16.3,16.0721,16.0862,346679.42
498,1651698000000.0,16.0857,16.1344,15.9842,16.0956,338415.48
499,1651698900000.0,16.0957,16.1045,15.8337,15.9627,324824.49
500,1651699800000.0,15.9614,15.9725,15.7192,15.7306,291802.7
501,1651700700000.0,15.7286,15.8941,15.7138,15.8356,201301.91
502,1651701600000.0,15.8355,15.8391,15.6536,15.671,269801.25
503,1651702500000.0,15.6708,15.7265,15.5627,15.5998,409684.94
504,1651703400000.0,15.5997,15.6528,15.4301,15.4907,396822.69
505,1651704300000.0,15.4911,15.5744,15.4101,15.4625,302612.17
506,1651705200000.0,15.4625,15.65,15.43,15.569,272091.37
507,1651706100000.0,15.5687,15.5872,15.4308,15.4466,247485.99
508,1651707000000.0,15.4458,15.5438,15.3313,15.5134,458365.32
509,1651707900000.0,15.5134,15.6548,15.5134,15.57,294961.46
510,1651708800000.0,15.5685,15.75,15.5555,15.6195,403987.78
511,1651709700000.0,15.6187,15.653,15.4245,15.61,262059.73
512,1651710600000.0,15.6101,15.7189,15.5586,15.7006,225589.59
513,1651711500000.0,15.699,15.8355,15.551,15.601,599486.74
514,1651712400000.0,15.6022,15.9093,15.56,15.7988,519380.97
515,1651713300000.0,15.7988,15.9108,15.6991,15.8711,407353.6
516,1651714200000.0,15.8704,16.12,15.824,16.0821,480635.62
517,1651715100000.0,16.0805,16.12,15.87,15.8853,355936.15
518,1651716000000.0,15.8828,15.957,15.7749,15.9053,263068.05
519,1651716900000.0,15.9052,15.999,15.8713,15.9974,179473.24
520,1651717800000.0,15.9974,16.2142,15.9245,16.1052,434605.2
521,1651718700000.0,16.1053,16.22,16.066,16.2095,277096.72
522,1651719600000.0,16.2065,16.27,16.0327,16.1672,377690.75
523,1651720500000.0,16.1656,16.1656,15.9512,16.0966,237962.01
524,1651721400000.0,16.0959,16.125,15.8156,15.8838,371436.6
525,1651722300000.0,15.8869,16.1477,15.8564,16.0886,313510.81
526,1651723200000.0,16.0846,16.5,16.07,16.4401,726767.81
527,1651724100000.0,16.4345,16.4855,16.2657,16.365,432571.26
528,1651725000000.0,16.3638,16.3999,16.2597,16.309,235201.7
529,1651725900000.0,16.3099,16.77,16.29,16.5944,684271.0
530,1651726800000.0,16.5944,16.6402,16.3618,16.4437,492040.47
531,1651727700000.0,16.4438,16.5249,16.39,16.4226,317324.62
532,1651728600000.0,16.4225,16.4368,16.2157,16.2865,370596.94
533,1651729500000.0,16.2889,16.3032,16.0357,16.1438,329463.33
534,1651730400000.0,16.1438,16.336,16.1242,16.2864,236338.91
535,1651731300000.0,16.287,16.3572,16.1976,16.2391,187715.45
536,1651732200000.0,16.2391,16.2472,16.1,16.1534,265264.2
537,1651733100000.0,16.1533,16.3115,16.1509,16.2593,203544.59
538,1651734000000.0,16.2638,16.4813,16.2437,16.3606,287022.53
539,1651734900000.0,16.3586,16.5292,16.29,16.3854,249660.46
540,1651735800000.0,16.389,16.4498,16.2824,16.2883,144994.54
541,1651736700000.0,16.2873,16.4327,16.2824,16.308,143242.23
542,1651737600000.0,16.3099,16.4089,16.16,16.2116,264415.72
543,1651738500000.0,16.2078,16.2682,16.1217,16.1307,165365.87
544,1651739400000.0,16.1308,16.1651,15.7595,15.8229,748223.69
545,1651740300000.0,15.8269,15.9192,15.762,15.8553,365469.63
546,1651741200000.0,15.8541,16.098,15.8523,16.0315,231882.52
547,1651742100000.0,16.0315,16.1052,15.89,15.9902,189671.6
548,1651743000000.0,15.9902,16.078,15.9001,16.0512,130267.08
549,1651743900000.0,16.0527,16.0766,15.9305,16.0494,122827.54
550,1651744800000.0,16.0494,16.2,16.015,16.1794,268898.18
551,1651745700000.0,16.1798,16.1798,16.0237,16.1006,152784.41
552,1651746600000.0,16.1,16.17,16.06,16.1418,153713.61
553,1651747500000.0,16.1406,16.1962,15.943,15.9633,199089.59
554,1651748400000.0,15.9632,16.08,15.9555,15.9903,135097.48
555,1651749300000.0,15.9935,16.0806,15.9555,16.0584,137437.47
556,1651750200000.0,16.0584,16.1224,15.9789,15.9845,133389.25
557,1651751100000.0,15.9844,16.0023,15.72,15.7951,425988.35
558,1651752000000.0,15.7933,15.855,15.6213,15.8331,427382.54
559,1651752900000.0,15.8342,15.8395,15.7,15.7861,285523.56
560,1651753800000.0,15.788,15.8449,15.7362,15.8269,154059.06
561,1651754700000.0,15.8255,15.8551,15.735,15.7814,187370.79
562,1651755600000.0,15.7793,15.7793,15.6103,15.7022,291308.44
563,1651756500000.0,15.7,15.7397,15.4812,15.6127,349647.69
564,1651757400000.0,15.6128,15.6502,15.5,15.5656,329692.83
565,1651758300000.0,15.5668,15.6347,15.3545,15.4116,410009.77
566,1651759200000.0,15.4094,15.4993,15.2154,15.2856,704488.33
567,1651760100000.0,15.2856,15.2985,14.9498,15.1071,879730.46
568,1651761000000.0,15.1089,15.126,14.8,14.9622,740626.26
569,1651761900000.0,14.9623,15.0265,14.8094,14.9683,584058.69
570,1651762800000.0,14.9662,15.0248,14.1021,14.4832,1855674.72
571,1651763700000.0,14.4837,14.5491,13.7567,13.9499,1663369.09
572,1651764600000.0,13.9513,14.2994,13.9213,14.108,1001347.69
573,1651765500000.0,14.105,14.1572,13.2,13.7196,1798726.62
574,1651766400000.0,13.717,14.1,13.5789,13.9829,1264828.19
575,1651767300000.0,13.9809,14.3598,13.9332,14.1133,879621.21
576,1651768200000.0,14.1139,14.1192,13.8351,13.9394,481885.34
577,1651769100000.0,13.9395,14.1783,13.8996,13.9897,467741.37
578,1651770000000.0,13.9926,14.157,13.9619,14.0158,317285.05
579,1651770900000.0,14.0118,14.0581,13.5897,13.8344,649914.03
580,1651771800000.0,13.8297,13.9431,13.7454,13.8302,315028.92
581,1651772700000.0,13.8283,13.856,13.6953,13.74,283522.64
582,1651773600000.0,13.7395,13.8532,13.6113,13.7451,393806.39
583,1651774500000.0,13.7425,13.9471,13.2153,13.251,1037623.62
584,1651775400000.0,13.2573,13.4047,13.137,13.3104,856546.5
585,1651776300000.0,13.315,13.5423,13.27,13.3679,594085.66
586,1651777200000.0,13.3632,13.4199,12.923,13.07,1079662.7
587,1651778100000.0,13.0784,13.144,12.8829,13.0236,608143.17
588,1651779000000.0,13.0236,13.3297,12.99,13.2504,564228.32
589,1651779900000.0,13.2587,13.4395,13.1794,13.4155,569377.39
590,1651780800000.0,13.4221,13.5576,13.3033,13.5429,468133.59
591,1651781700000.0,13.5441,13.5636,13.4,13.4064,307249.56
592,1651782600000.0,13.4063,13.7294,13.3561,13.6586,478706.43
593,1651783500000.0,13.6594,13.7796,13.5997,13.7685,343220.05
594,1651784400000.0,13.7684,13.8,13.544,13.7171,376785.51
595,1651785300000.0,13.7159,13.79,13.67,13.6727,215488.86
596,1651786200000.0,13.6734,13.8946,13.6343,13.8171,209817.07
597,1651787100000.0,13.8203,13.852,13.6303,13.6609,182996.49
598,1651788000000.0,13.66,13.7653,13.63,13.6864,148211.72
599,1651788900000.0,13.6846,13.7,13.4702,13.5558,278321.97
600,1651789800000.0,13.5557,13.6461,13.4767,13.4818,213727.18
601,1651790700000.0,13.4835,13.5774,13.4204,13.5626,325525.65
602,1651791600000.0,13.5642,13.8603,13.5598,13.7942,331597.8
603,1651792500000.0,13.7913,13.853,13.6581,13.7647,284360.66
604,1651793400000.0,13.7648,13.8097,13.6539,13.697,154318.03
605,1651794300000.0,13.6993,13.7899,13.6598,13.6918,149105.29
606,1651795200000.0,13.6904,13.8465,13.6287,13.6599,265203.52
607,1651796100000.0,13.6583,13.7252,13.5325,13.5715,191190.73
608,1651797000000.0,13.5674,13.6025,13.4656,13.5556,179708.07
609,1651797900000.0,13.5584,13.5812,13.3495,13.5135,236077.48
610,1651798800000.0,13.5141,13.5887,13.4633,13.4754,156962.35
611,1651799700000.0,13.4753,13.538,13.3591,13.4168,308765.68
612,1651800600000.0,13.4191,13.5333,13.3943,13.5231,236036.56
613,1651801500000.0,13.5219,13.5884,13.438,13.5719,128980.69
614,1651802400000.0,13.5696,13.6759,13.546,13.6505,181835.48
615,1651803300000.0,13.6494,13.7098,13.6012,13.6965,128332.6
616,1651804200000.0,13.6966,13.7035,13.5762,13.6805,140910.01
617,1651805100000.0,13.6815,13.6815,13.4729,13.5362,143860.04
618,1651806000000.0,13.5311,13.5769,13.4528,13.5086,194518.65
619,1651806900000.0,13.5087,13.5453,13.36,13.4209,242261.4
620,1651807800000.0,13.4224,13.5326,13.3886,13.3997,148500.34
621,1651808700000.0,13.4009,13.5038,13.3941,13.4953,112933.93
622,1651809600000.0,13.4925,13.5152,13.2222,13.2286,250064.35
623,1651810500000.0,13.2323,13.3499,13.2054,13.308,247085.24
624,1651811400000.0,13.309,13.3388,13.2263,13.2979,167193.17
625,1651812300000.0,13.2979,13.75,13.2843,13.5325,810990.19
626,1651813200000.0,13.5324,13.6419,13.3855,13.5152,440378.75
627,1651814100000.0,13.5185,13.6459,13.4663,13.6028,276152.45
628,1651815000000.0,13.6033,13.8652,13.5326,13.764,364172.46
629,1651815900000.0,13.7627,13.7727,13.6695,13.7496,212641.32
630,1651816800000.0,13.75,13.8999,13.6927,13.7192,375393.71
631,1651817700000.0,13.7125,13.784,13.6125,13.6456,275976.23
632,1651818600000.0,13.6454,13.7124,13.6201,13.6898,122464.39
633,1651819500000.0,13.6898,13.7049,13.6142,13.6337,129791.64
634,1651820400000.0,13.6334,13.6875,13.521,13.6806,182504.95
635,1651821300000.0,13.6807,13.75,13.6237,13.6634,174415.42
636,1651822200000.0,13.6633,13.6633,12.8662,13.0354,1157212.06
637,1651823100000.0,13.0275,13.4262,13.0,13.32,815044.88
638,1651824000000.0,13.3183,13.4623,13.1684,13.3132,358525.47
639,1651824900000.0,13.3129,13.3638,13.2177,13.2834,268896.08
640,1651825800000.0,13.2841,13.3579,13.0486,13.061,515137.38
641,1651826700000.0,13.0649,13.15,13.0284,13.102,306123.3
642,1651827600000.0,13.1018,13.2,13.0919,13.1542,172611.11
643,1651828500000.0,13.1522,13.3497,13.1394,13.319,248973.71
644,1651829400000.0,13.3153,13.6263,13.3,13.4893,553057.05
645,1651830300000.0,13.4898,13.538,13.4273,13.5338,220319.31
646,1651831200000.0,13.5337,13.5595,13.3573,13.395,218377.28
647,1651832100000.0,13.3986,13.4165,13.3158,13.3862,176864.03
648,1651833000000.0,13.3822,13.3994,13.2059,13.2581,219725.23
649,1651833900000.0,13.2601,13.3257,13.064,13.185,371224.87
650,1651834800000.0,13.1889,13.4,13.0611,13.1446,405026.24
651,1651835700000.0,13.1443,13.2748,12.9607,13.1048,418255.99
652,1651836600000.0,13.1036,13.2982,13.0273,13.1921,334010.17
653,1651837500000.0,13.1905,13.2782,13.1425,13.1891,204681.83
654,1651838400000.0,13.1898,13.3488,13.0923,13.0923,418359.28
655,1651839300000.0,13.0921,13.3194,12.9508,13.2971,476945.86
656,1651840200000.0,13.2969,13.58,13.292,13.3393,751320.48
657,1651841100000.0,13.3413,13.3524,13.18,13.2458,321197.89
658,1651842000000.0,13.2458,13.3759,13.129,13.31,266814.54
659,1651842900000.0,13.3087,13.3783,13.2701,13.3212,215430.67
660,1651843800000.0,13.3218,13.3853,12.8711,13.0236,1092551.7
661,1651844700000.0,13.0258,13.0862,12.6819,12.9673,1152918.79
662,1651845600000.0,12.9689,13.1309,12.9014,13.0003,541156.17
663,1651846500000.0,12.9961,13.2269,12.9921,13.04,468067.22
664,1651847400000.0,13.0428,13.1407,12.971,13.1033,412832.01
665,1651848300000.0,13.1031,13.4,13.0918,13.3401,523364.56
666,1651849200000.0,13.3402,13.4243,13.2611,13.3557,367649.59
667,1651850100000.0,13.3589,13.6546,13.3469,13.5433,554606.41
668,1651851000000.0,13.5415,13.5626,13.3239,13.4014,388786.62
669,1651851900000.0,13.4,13.4867,13.2412,13.2948,289235.9
670,1651852800000.0,13.2937,13.4778,13.2513,13.2817,315302.3
671,1651853700000.0,13.2823,13.3639,13.2527,13.2932,219044.57
672,1651854600000.0,13.2902,13.443,13.257,13.3591,198076.82
673,1651855500000.0,13.3585,13.4459,13.2772,13.4279,183110.2
674,1651856400000.0,13.4283,13.4318,13.285,13.3178,173151.5
675,1651857300000.0,13.3206,13.337,13.1735,13.2816,231191.04
676,1651858200000.0,13.2852,13.323,13.13,13.156,214525.17
677,1651859100000.0,13.1557,13.203,13.0851,13.1335,269667.59
678,1651860000000.0,13.1356,13.2124,13.118,13.1984,132732.05
679,1651860900000.0,13.1965,13.2479,13.1426,13.1905,94282.56
680,1651861800000.0,13.1867,13.2914,13.1181,13.2483,142749.88
681,1651862700000.0,13.249,13.3292,13.2102,13.224,140441.15
682,1651863600000.0,13.2229,13.3074,13.1851,13.2855,105706.27
683,1651864500000.0,13.2855,13.298,13.1286,13.2421,213203.57
684,1651865400000.0,13.2386,13.3657,13.2285,13.3002,200570.72
685,1651866300000.0,13.2996,13.38,13.2514,13.3025,146027.36
686,1651867200000.0,13.3026,13.3424,13.2372,13.29,77975.1
687,1651868100000.0,13.2887,13.3085,13.1905,13.2234,86257.6
688,1651869000000.0,13.2206,13.3024,13.18,13.2837,75026.68
689,1651869900000.0,13.285,13.37,13.2743,13.3103,109365.69
690,1651870800000.0,13.3132,13.3537,13.2853,13.3089,49563.59
691,1651871700000.0,13.3088,13.3599,13.2579,13.2747,95916.46
692,1651872600000.0,13.2748,13.2987,13.1364,13.1826,73141.29
693,1651873500000.0,13.1825,13.2126,13.1165,13.1856,102283.82
694,1651874400000.0,13.1842,13.2369,13.0534,13.0651,122806.1
695,1651875300000.0,13.0653,13.1992,13.0488,13.1478,89362.48
696,1651876200000.0,13.1489,13.228,13.0873,13.2196,74496.44
697,1651877100000.0,13.2196,13.2736,13.1704,13.2202,85621.15
698,1651878000000.0,13.2209,13.2942,13.2184,13.2797,73362.74
699,1651878900000.0,13.2792,13.335,13.2537,13.2968,94828.99
700,1651879800000.0,13.2951,13.2987,13.1968,13.2786,65225.23
701,1651880700000.0,13.2786,13.3102,13.2315,13.2622,106517.65
702,1651881600000.0,13.2643,13.2952,13.1383,13.2866,149380.46
703,1651882500000.0,13.2871,13.33,13.1983,13.2108,156274.04
704,1651883400000.0,13.2107,13.282,13.1701,13.2534,97987.9
705,1651884300000.0,13.2518,13.2662,13.165,13.1741,125581.02
706,1651885200000.0,13.172,13.2422,13.15,13.1684,132604.13
707,1651886100000.0,13.1684,13.2165,13.0968,13.1277,162911.62
708,1651887000000.0,13.1223,13.1685,13.0901,13.1429,64651.68
709,1651887900000.0,13.1415,13.2376,13.1126,13.2,82961.41
710,1651888800000.0,13.1983,13.2317,12.9,13.0481,468515.81
711,1651889700000.0,13.0481,13.0625,12.9313,13.0045,137901.06
712,1651890600000.0,12.9967,13.04,12.9461,13.0,106023.8
713,1651891500000.0,12.9999,13.0038,12.9161,12.9682,122677.77
714,1651892400000.0,12.9698,12.9999,12.7596,12.784,284776.63
715,1651893300000.0,12.7886,12.8598,12.6761,12.7106,343742.41
716,1651894200000.0,12.7095,12.7262,12.3882,12.5813,659248.88
717,1651895100000.0,12.5779,12.6189,12.4606,12.5233,261163.83
718,1651896000000.0,12.5227,12.5639,12.3215,12.4374,380156.01
719,1651896900000.0,12.4331,12.4949,12.3589,12.4792,272870.77
720,1651897800000.0,12.4776,12.5644,12.4096,12.4172,246879.97
721,1651898700000.0,12.4168,12.4438,12.1891,12.2701,358312.03
722,1651899600000.0,12.2706,12.4066,12.2343,12.3548,212303.7
723,1651900500000.0,12.3578,12.4545,12.2936,12.4447,197516.8
724,1651901400000.0,12.4447,12.4644,12.3443,12.4504,144480.73
725,1651902300000.0,12.4491,12.4817,12.4,12.4776,135710.59
726,1651903200000.0,12.4773,12.5164,12.3157,12.3761,288693.12
727,1651904100000.0,12.376,12.5075,12.2884,12.3454,309379.43
728,1651905000000.0,12.3427,12.4064,12.3291,12.3978,97889.58
729,1651905900000.0,12.3997,12.448,12.3114,12.3383,162798.08
730,1651906800000.0,12.3392,12.4066,12.2984,12.3295,104291.62
731,1651907700000.0,12.3295,12.4589,12.3257,12.356,299016.54
732,1651908600000.0,12.3553,12.6501,12.3416,12.6348,271569.23
733,1651909500000.0,12.6363,12.7786,12.5529,12.6152,479934.69
734,1651910400000.0,12.6205,12.7916,12.5166,12.7825,521782.3
735,1651911300000.0,12.7876,12.868,12.6645,12.7192,350457.37
736,1651912200000.0,12.7122,12.8844,12.691,12.8282,273166.04
737,1651913100000.0,12.835,12.949,12.831,12.9193,428048.96
738,1651914000000.0,12.9194,12.9253,12.7836,12.8568,305380.13
739,1651914900000.0,12.8568,12.9553,12.8129,12.908,189855.1
740,1651915800000.0,12.9079,12.95,12.7781,12.824,191565.15
741,1651916700000.0,12.824,12.8306,12.6761,12.6981,198905.5
742,1651917600000.0,12.6981,12.803,12.6443,12.7777,185785.32
743,1651918500000.0,12.7787,12.8662,12.7172,12.8411,134739.02
744,1651919400000.0,12.8401,12.9147,12.7829,12.8782,198930.26
745,1651920300000.0,12.8762,12.9028,12.8054,12.8772,146763.4
746,1651921200000.0,12.8772,12.9487,12.8359,12.9393,150045.03
747,1651922100000.0,12.9397,13.1064,12.9071,13.0226,382327.79
748,1651923000000.0,13.0261,13.0419,12.8704,12.9589,215161.68
749,1651923900000.0,12.9583,13.0161,12.917,12.9488,170304.36
750,1651924800000.0,12.9494,12.9781,12.833,12.8755,162070.69
751,1651925700000.0,12.8752,12.9299,12.8171,12.9126,138850.14
752,1651926600000.0,12.9141,12.9801,12.8502,12.8511,180472.19
753,1651927500000.0,12.8528,12.9103,12.76,12.8851,221884.44
754,1651928400000.0,12.8855,12.9243,12.56,12.5882,412779.39
755,1651929300000.0,12.5895,12.6777,12.5324,12.6211,293020.28
756,1651930200000.0,12.6222,12.7335,12.6091,12.6639,195110.15
757,1651931100000.0,12.664,12.7738,12.664,12.7022,194150.42
758,1651932000000.0,12.7021,12.7254,12.6127,12.614,168750.42
759,1651932900000.0,12.6148,12.7001,12.5611,12.6676,131822.11
760,1651933800000.0,12.6676,12.7346,12.6397,12.7012,96713.22
761,1651934700000.0,12.6978,12.7442,12.6621,12.7038,133377.25
762,1651935600000.0,12.7032,12.7486,12.6274,12.7341,117200.23
763,1651936500000.0,12.7356,12.866,12.712,12.8208,267076.72
764,1651937400000.0,12.8223,12.845,12.7463,12.7741,148312.62
765,1651938300000.0,12.7726,12.8244,12.7441,12.8018,137029.47
766,1651939200000.0,12.8022,12.9865,12.7793,12.9703,262586.68
767,1651940100000.0,12.9704,12.9868,12.8397,12.8957,199201.52
768,1651941000000.0,12.8957,12.9031,12.8159,12.8423,80085.9
769,1651941900000.0,12.843,12.8586,12.7298,12.8236,158262.4
770,1651942800000.0,12.8207,12.85,12.7228,12.7562,123590.11
771,1651943700000.0,12.7589,12.7935,12.7147,12.7312,95386.84
772,1651944600000.0,12.733,12.7596,12.65,12.7044,180008.82
773,1651945500000.0,12.7045,12.7857,12.6653,12.7052,152488.41
774,1651946400000.0,12.7032,12.7625,12.6896,12.7023,98954.09
775,1651947300000.0,12.703,12.8164,12.7029,12.7566,171134.33
776,1651948200000.0,12.7587,12.8061,12.7287,12.7519,56616.18
777,1651949100000.0,12.7522,12.7783,12.6386,12.6518,129235.76
778,1651950000000.0,12.6513,12.7031,12.6311,12.6872,123363.35
779,1651950900000.0,12.6857,12.7299,12.6685,12.7015,101287.27
780,1651951800000.0,12.7068,12.745,12.6883,12.738,46757.84
781,1651952700000.0,12.7363,12.7829,12.6898,12.6932,112080.35
782,1651953600000.0,12.6935,12.7141,12.609,12.6376,138754.34
783,1651954500000.0,12.6389,12.6458,12.6102,12.6215,69344.98
784,1651955400000.0,12.6195,12.6297,12.3796,12.4266,383061.88
785,1651956300000.0,12.4252,12.4571,12.3428,12.4313,126718.88
786,1651957200000.0,12.4312,12.486,12.2223,12.2781,235883.86
787,1651958100000.0,12.2848,12.4032,12.2485,12.3545,219965.61
788,1651959000000.0,12.3541,12.4589,12.3506,12.394,89260.45
789,1651959900000.0,12.394,12.4398,12.25,12.257,196809.63
790,1651960800000.0,12.2616,12.4454,12.2561,12.4377,207413.64
791,1651961700000.0,12.4394,12.551,12.3875,12.4433,219022.54
792,1651962600000.0,12.4411,12.5638,12.4148,12.4148,193615.19
793,1651963500000.0,12.4192,12.4458,12.1162,12.2957,804415.21
794,1651964400000.0,12.2899,12.5773,12.256,12.5292,421281.23
795,1651965300000.0,12.5304,12.5881,12.43,12.4719,406535.96
796,1651966200000.0,12.4719,12.5385,12.356,12.3966,255732.86
797,1651967100000.0,12.3947,12.4173,12.34,12.3488,89247.21
798,1651968000000.0,12.3547,12.5125,12.3375,12.4148,197629.34
799,1651968900000.0,12.4092,12.4239,12.3119,12.3548,130408.95
800,1651969800000.0,12.3535,12.3988,12.2933,12.3238,114197.17
801,1651970700000.0,12.3205,12.3894,12.1588,12.1949,245713.67
802,1651971600000.0,12.1994,12.338,12.1871,12.3201,179297.23
803,1651972500000.0,12.32,12.3215,12.1243,12.2424,182198.7
804,1651973400000.0,12.2406,12.2786,12.1807,12.2327,113500.83
805,1651974300000.0,12.2311,12.2574,12.0428,12.0801,337342.23
806,1651975200000.0,12.0801,12.1362,11.856,11.867,535773.73
807,1651976100000.0,11.867,11.9868,11.7884,11.9183,485030.74
808,1651977000000.0,11.9164,11.9906,11.832,11.9009,326602.65
809,1651977900000.0,11.9014,11.9613,11.7688,11.9461,360531.01
810,1651978800000.0,11.9435,11.9937,11.8188,11.9341,308616.35
811,1651979700000.0,11.9355,12.0222,11.9043,11.992,200661.65
812,1651980600000.0,11.9901,12.0041,11.8957,11.9241,160180.77
813,1651981500000.0,11.9241,12.0671,11.9241,12.0437,132217.33
814,1651982400000.0,12.0427,12.1458,12.033,12.0966,186133.37
815,1651983300000.0,12.1002,12.1341,12.0698,12.1341,70446.1
816,1651984200000.0,12.1349,12.1666,12.0407,12.0417,127176.44
817,1651985100000.0,12.0414,12.0438,11.9593,11.9593,131542.0
818,1651986000000.0,11.9594,12.0208,11.9168,11.9945,109763.34
819,1651986900000.0,11.991,12.0259,11.9044,11.9429,86588.7
820,1651987800000.0,11.9415,12.0416,11.9305,11.9649,129981.58
821,1651988700000.0,11.9697,12.0613,11.9675,12.0,113895.08
822,1651989600000.0,11.9951,12.1369,11.9951,12.1269,162244.94
823,1651990500000.0,12.1247,12.1618,12.0787,12.1366,223410.18
824,1651991400000.0,12.1328,12.17,12.065,12.1208,135569.76
825,1651992300000.0,12.1234,12.2644,12.1177,12.2106,133910.4
826,1651993200000.0,12.2057,12.3298,12.1769,12.1931,176391.6
827,1651994100000.0,12.1931,12.2469,12.18,12.1876,91809.55
828,1651995000000.0,12.1876,12.2036,12.1325,12.1497,115178.38
829,1651995900000.0,12.1483,12.1732,12.0824,12.0835,85087.94
830,1651996800000.0,12.0831,12.23,12.074,12.1965,191017.07
831,1651997700000.0,12.1937,12.2149,12.0911,12.1062,90962.92
832,1651998600000.0,12.1052,12.1503,12.0824,12.1259,94208.33
833,1651999500000.0,12.1273,12.2,12.1273,12.1524,75847.84
834,1652000400000.0,12.153,12.18,12.0563,12.1113,95065.47
835,1652001300000.0,12.1146,12.1164,11.9342,11.9551,308943.26
836,1652002200000.0,11.9551,11.9852,11.9112,11.9839,234934.65
837,1652003100000.0,11.9808,11.9998,11.9164,11.9388,107610.31
838,1652004000000.0,11.938,11.9778,11.8115,11.9477,247789.82
839,1652004900000.0,11.9478,12.0665,11.9451,11.997,151769.37
840,1652005800000.0,11.9964,12.071,11.9838,12.0276,109455.44
841,1652006700000.0,12.0276,12.1229,12.021,12.0967,194506.06
842,1652007600000.0,12.0967,12.1778,12.096,12.1511,163048.38
843,1652008500000.0,12.1485,12.1664,12.0726,12.136,86619.66
844,1652009400000.0,12.1344,12.1536,12.0656,12.0968,39115.25
845,1652010300000.0,12.0967,12.1082,12.0073,12.0916,82692.58
846,1652011200000.0,12.0932,12.1226,12.0618,12.1154,104737.47
847,1652012100000.0,12.1153,12.1334,11.9189,11.9722,96291.74
848,1652013000000.0,11.9697,11.9955,11.9,11.9676,91047.12
849,1652013900000.0,11.9667,12.0039,11.8805,11.936,123553.45
850,1652014800000.0,11.934,11.98,11.8201,11.8447,175206.62
851,1652015700000.0,11.8443,11.877,11.6674,11.6881,530607.34
852,1652016600000.0,11.6841,11.7348,11.654,11.7198,187314.89
853,1652017500000.0,11.7198,11.7617,11.5126,11.5433,350177.71
854,1652018400000.0,11.5441,11.692,11.5074,11.5997,446293.17
855,1652019300000.0,11.5996,11.6659,11.53,11.6422,337882.82
856,1652020200000.0,11.6423,11.6947,11.5447,11.5448,247167.36
857,1652021100000.0,11.5445,11.6898,11.5394,11.679,246565.85
858,1652022000000.0,11.6758,11.7893,11.6695,11.7343,276429.91
859,1652022900000.0,11.7363,11.8083,11.7046,11.7572,163894.63
860,1652023800000.0,11.754,11.7869,11.7058,11.7185,111805.26
861,1652024700000.0,11.7185,11.7397,11.626,11.6358,138156.45
862,1652025600000.0,11.6371,11.7227,11.6283,11.6987,178506.83
863,1652026500000.0,11.6974,11.731,11.621,11.7003,96643.78
864,1652027400000.0,11.7003,11.7365,11.6252,11.6556,254231.29
865,1652028300000.0,11.6546,11.6903,11.4306,11.4342,629641.53
866,1652029200000.0,11.4343,11.4398,11.1101,11.2515,1515564.58
867,1652030100000.0,11.2544,11.3122,11.1626,11.204,563483.45
868,1652031000000.0,11.2034,11.2034,11.0704,11.1856,356620.07
869,1652031900000.0,11.1841,11.2466,11.1042,11.2091,327018.04
870,1652032800000.0,11.2092,11.2297,11.0934,11.1298,220741.19
871,1652033700000.0,11.1298,11.347,11.1196,11.2447,302910.62
872,1652034600000.0,11.2449,11.4161,11.2247,11.3945,274756.49
873,1652035500000.0,11.3943,11.44,11.3419,11.3784,159110.99
874,1652036400000.0,11.3785,11.4811,11.35,11.4187,153434.19
875,1652037300000.0,11.4154,11.5011,11.4039,11.4335,168366.46
876,1652038200000.0,11.4333,11.4547,11.3556,11.3948,152656.76
877,1652039100000.0,11.3944,11.4144,11.3684,11.4048,108127.37
878,1652040000000.0,11.4003,11.4328,11.2711,11.3348,210413.73
879,1652040900000.0,11.3338,11.3375,11.2464,11.2634,105828.38
880,1652041800000.0,11.2663,11.3174,11.2216,11.2525,145433.36
881,1652042700000.0,11.2534,11.263,11.1552,11.2086,117631.41
882,1652043600000.0,11.2092,11.3201,11.2085,11.3072,101090.11
883,1652044500000.0,11.3071,11.3632,11.2641,11.3028,104147.49
884,1652045400000.0,11.3029,11.3688,11.2952,11.3244,40429.61
885,1652046300000.0,11.3248,11.3591,11.3027,11.3495,36188.76
886,1652047200000.0,11.3486,11.3532,11.17,11.2253,270913.92
887,1652048100000.0,11.2238,11.2492,11.163,11.19,161158.33
888,1652049000000.0,11.19,11.2031,11.1002,11.122,169640.68
889,1652049900000.0,11.1207,11.2596,11.1181,11.2195,141783.8
890,1652050800000.0,11.2202,11.2666,11.1986,11.2421,98389.39
891,1652051700000.0,11.2422,11.2477,11.1004,11.1114,199642.27
892,1652052600000.0,11.1101,11.1537,11.08,11.1213,180758.32
893,1652053500000.0,11.1201,11.2756,11.08,11.2365,177498.84
894,1652054400000.0,11.2335,11.442,11.2088,11.3051,318008.14
895,1652055300000.0,11.3095,11.42,11.2578,11.378,292140.12
896,1652056200000.0,11.378,11.4999,11.3708,11.4677,213055.82
897,1652057100000.0,11.4677,11.6454,11.4286,11.5373,352811.59
898,1652058000000.0,11.5374,11.5586,11.4522,11.4944,140906.65
899,1652058900000.0,11.4972,11.5926,11.4972,11.543,139922.36
900,1652059800000.0,11.5414,11.5452,11.3449,11.3682,210869.57
901,1652060700000.0,11.3672,11.372,11.2383,11.2684,180076.38
902,1652061600000.0,11.2651,11.2934,11.14,11.1974,276188.51
903,1652062500000.0,11.1951,11.1959,10.9102,10.9633,582900.91
904,1652063400000.0,10.9617,11.0671,10.9051,11.0266,476257.78
905,1652064300000.0,11.0268,11.236,11.0268,11.2326,474088.35
906,1652065200000.0,11.2294,11.4558,11.2028,11.3266,517233.74
907,1652066100000.0,11.3338,11.516,11.3155,11.3484,402768.29
908,1652067000000.0,11.3461,11.4313,11.1951,11.2816,299909.94
909,1652067900000.0,11.2807,11.2807,11.1638,11.1794,137988.06
910,1652068800000.0,11.1792,11.3981,11.1769,11.3922,133573.02
911,1652069700000.0,11.3931,11.3964,11.2781,11.2875,103525.32
912,1652070600000.0,11.289,11.3491,11.2276,11.2673,83478.16
913,1652071500000.0,11.2684,11.2994,11.2012,11.2175,90959.34
914,1652072400000.0,11.2178,11.3184,11.1695,11.1709,146783.38
915,1652073300000.0,11.1708,11.2688,11.1585,11.2326,205937.01
916,1652074200000.0,11.2307,11.2671,11.1562,11.2096,106807.73
917,1652075100000.0,11.2102,11.2333,11.0924,11.1121,122845.71
918,1652076000000.0,11.1087,11.201,10.9833,11.0206,277492.26
919,1652076900000.0,11.0213,11.2146,11.0048,11.1728,214675.12
920,1652077800000.0,11.1727,11.2595,11.137,11.1508,275024.89
921,1652078700000.0,11.1508,11.2607,11.1417,11.2209,238675.03
922,1652079600000.0,11.222,11.3401,11.205,11.2662,284504.32
923,1652080500000.0,11.2681,11.2762,11.1571,11.1864,148963.9
924,1652081400000.0,11.1845,11.2449,11.1522,11.1724,127570.55
925,1652082300000.0,11.175,11.2631,11.152,11.1592,146375.93
926,1652083200000.0,11.1592,11.1817,11.0751,11.1202,165580.32
927,1652084100000.0,11.1193,11.1463,11.0146,11.1063,223216.89
928,1652085000000.0,11.1066,11.2446,11.0341,11.2192,259373.29
929,1652085900000.0,11.2191,11.4494,11.18,11.3881,478118.36
930,1652086800000.0,11.3882,11.4042,11.278,11.3641,195109.36
931,1652087700000.0,11.3649,11.3755,11.2319,11.2629,195245.37
932,1652088600000.0,11.2631,11.2965,11.2,11.2527,159172.76
933,1652089500000.0,11.2524,11.3969,11.2189,11.3585,237190.32
934,1652090400000.0,11.3564,11.4474,11.2759,11.3145,424831.67
935,1652091300000.0,11.3124,11.3953,11.0576,11.1911,460886.05
936,1652092200000.0,11.1906,11.23,10.7146,10.8526,952815.19
937,1652093100000.0,10.8526,10.9558,10.7,10.8563,798029.13
938,1652094000000.0,10.8572,10.9734,10.8056,10.8788,530584.74
939,1652094900000.0,10.877,10.9368,10.7113,10.7778,392517.5
940,1652095800000.0,10.7777,10.8322,10.7053,10.7875,283290.31
941,1652096700000.0,10.788,10.9159,10.7484,10.8702,338246.2
942,1652097600000.0,10.8693,10.879,10.6517,10.6887,347059.87
943,1652098500000.0,10.6877,10.7809,10.5696,10.7635,399920.28
944,1652099400000.0,10.7662,10.89,10.7176,10.8266,254374.31
945,1652100300000.0,10.8255,10.8686,10.74,10.7516,158030.79
946,1652101200000.0,10.7551,10.8188,10.7247,10.8092,308612.1
947,1652102100000.0,10.8099,10.85,10.6535,10.6736,216013.04
948,1652103000000.0,10.6726,11.1868,10.6726,10.9885,1095577.78
949,1652103900000.0,10.9876,10.9876,10.7335,10.8705,594332.51
950,1652104800000.0,10.8714,10.9027,10.711,10.7837,257644.96
951,1652105700000.0,10.7838,10.8298,10.6439,10.6577,262279.2
952,1652106600000.0,10.6581,10.7338,10.4201,10.5722,975539.1
953,1652107500000.0,10.5752,10.5968,10.404,10.4614,473871.34
954,1652108400000.0,10.4601,10.5578,10.4355,10.4725,360066.32
955,1652109300000.0,10.4724,10.5,10.1792,10.2055,740572.55
956,1652110200000.0,10.2055,10.2222,10.0,10.0953,1115655.5
957,1652111100000.0,10.0979,10.1566,9.9739,10.0892,574570.77
958,1652112000000.0,10.0892,10.0941,9.856,9.9935,1070802.89
959,1652112900000.0,9.9901,10.0483,9.7,9.7157,833290.96
960,1652113800000.0,9.7146,9.7759,8.9578,8.9983,2295306.88
961,1652114700000.0,8.9983,9.2514,8.68,8.9896,2443849.58
962,1652115600000.0,8.9896,9.1852,8.7412,9.1036,1765067.79
963,1652116500000.0,9.1036,9.49,9.0604,9.3946,1762825.47
964,1652117400000.0,9.396,9.5409,9.3253,9.4888,1307451.78
965,1652118300000.0,9.4919,9.5141,9.2143,9.2944,864594.75
966,1652119200000.0,9.2979,9.5,9.1521,9.1928,847921.87
967,1652120100000.0,9.1878,9.3715,9.0774,9.2294,892367.46
968,1652121000000.0,9.2242,9.2793,8.8776,8.9464,982843.84
969,1652121900000.0,8.9509,9.36,8.9454,9.1837,951402.28
970,1652122800000.0,9.1893,9.3183,9.1034,9.2973,652010.8
971,1652123700000.0,9.2995,9.3917,9.1352,9.1724,601729.33
972,1652124600000.0,9.1739,9.29,9.1192,9.1817,524924.89
973,1652125500000.0,9.1788,9.3815,9.0258,9.2996,868275.13
974,1652126400000.0,9.3104,9.76,9.2822,9.6801,1661067.04
975,1652127300000.0,9.6795,9.6998,9.5201,9.5555,794088.34
976,1652128200000.0,9.5547,9.6018,9.3184,9.3575,827627.42
977,1652129100000.0,9.3522,9.5873,9.3178,9.4332,463414.75
978,1652130000000.0,9.4351,9.5517,9.3697,9.4874,441365.48
979,1652130900000.0,9.4873,9.5439,9.4873,9.5029,249740.55
980,1652131800000.0,9.5028,9.5028,9.335,9.427,184287.39
981,1652132700000.0,9.4313,9.4622,9.0763,9.1482,365282.34
982,1652133600000.0,9.1461,9.3039,9.0862,9.2477,483854.81
983,1652134500000.0,9.246,9.3362,8.9596,9.0751,730526.95
984,1652135400000.0,9.0798,9.2027,9.0798,9.1324,272479.36
985,1652136300000.0,9.1312,9.2016,8.9528,8.9832,443970.03
986,1652137200000.0,8.9829,9.079,8.8557,8.8557,512769.01
987,1652138100000.0,8.8627,8.913,8.5001,8.511,929295.36
988,1652139000000.0,8.5112,8.6417,8.1,8.1794,1297216.03
989,1652139900000.0,8.1793,8.3337,7.9091,8.0053,1125778.02
990,1652140800000.0,8.0057,8.8,7.7916,8.1751,1580000.31
991,1652141700000.0,8.1767,8.1884,7.8133,7.8854,1424937.08
992,1652142600000.0,7.8869,8.79,7.8353,8.629,1398507.02
993,1652143500000.0,8.629,8.6615,8.3387,8.601,1141209.84
994,1652144400000.0,8.6024,8.832,8.4236,8.5942,1349184.77
995,1652145300000.0,8.592,8.7857,8.5452,8.7396,705372.07
996,1652146200000.0,8.7465,8.7492,8.3904,8.4585,755494.06
997,1652147100000.0,8.4577,8.5699,8.4009,8.4291,714163.36
998,1652148000000.0,8.427,8.4592,8.3168,8.431,532024.4
999,1652148900000.0,8.4307,8.5059,8.3976,8.5037,105381.92
